,loss,binary_crossentropy,iou_score,precision,recall,f1-score,binary_focal_loss,dice_loss,val_loss,val_binary_crossentropy,val_iou_score,val_precision,val_recall,val_f1-score,val_binary_focal_loss,val_dice_loss
0,0.8885360956192017,0.3578318655490875,0.24214719235897064,0.28995102643966675,0.6608554720878601,0.3756093382835388,0.07251802831888199,0.8160179257392883,2.023918390274048,1.970794677734375,0.11176888644695282,0.11202213168144226,0.981590747833252,0.20096485316753387,1.2141976356506348,0.8097206354141235
1,0.5777975916862488,0.10559432208538055,0.40036794543266296,0.547162652015686,0.6067935824394226,0.5713872909545898,0.031662601977586746,0.5461350083351135,0.8219690322875977,0.514098048210144,0.34470468759536743,0.36285310983657837,0.8796899318695068,0.5124039053916931,0.3205327093601227,0.5014363527297974
2,0.4624048173427582,0.09050619602203369,0.4484012722969055,0.6185484528541565,0.6212895512580872,0.6187035441398621,0.031212104484438896,0.4311927258968353,0.5556851029396057,0.25053590536117554,0.43133485317230225,0.5084006786346436,0.7594648599624634,0.6022340059280396,0.1443648785352707,0.4113202691078186
3,0.43128398060798645,0.0897374376654625,0.46685948967933655,0.6416348814964294,0.6367331743240356,0.6360616683959961,0.03207994997501373,0.3992040753364563,0.4740813970565796,0.18693332374095917,0.4450397491455078,0.6228698492050171,0.6109086275100708,0.6146978139877319,0.07718111574649811,0.3969002962112427
4,0.4096844792366028,0.08800578862428665,0.48515135049819946,0.6616601943969727,0.6472736597061157,0.6527348160743713,0.0317365936934948,0.3779478967189789,0.46229833364486694,0.15356804430484772,0.42758336663246155,0.7520604729652405,0.5004261136054993,0.5956313610076904,0.04583758860826492,0.4164607524871826
5,0.38143131136894226,0.08155107498168945,0.5123388171195984,0.6899362802505493,0.6683797240257263,0.6772399544715881,0.02910528890788555,0.35232603549957275,0.43117091059684753,0.1204405277967453,0.46405673027038574,0.7323156595230103,0.5623860359191895,0.6311224699020386,0.037371158599853516,0.3937997817993164
6,0.38313668966293335,0.08735455572605133,0.5108655095100403,0.6739456653594971,0.6785837411880493,0.6753320097923279,0.03309916704893112,0.35003751516342163,0.5601661801338196,0.16908550262451172,0.32846498489379883,0.8375108242034912,0.3538585901260376,0.4913254976272583,0.042113035917282104,0.5180531144142151
7,0.35934188961982727,0.08116374164819717,0.5331016182899475,0.7033700942993164,0.6893647909164429,0.6951305270195007,0.02964005060493946,0.32970184087753296,0.5049678087234497,0.13681526482105255,0.3725125789642334,0.8328608274459839,0.40281015634536743,0.5420552492141724,0.03395364433526993,0.47101420164108276
8,0.34091466665267944,0.07450437545776367,0.5513299107551575,0.7138267159461975,0.7119613289833069,0.7104036211967468,0.027564924210309982,0.31334972381591797,0.3896622061729431,0.09899598360061646,0.49649566411972046,0.7335066199302673,0.6059173345565796,0.6627695560455322,0.03248395770788193,0.357178270816803
9,0.3344811797142029,0.07539554685354233,0.5591428279876709,0.7209559082984924,0.7171077132225037,0.7165411710739136,0.028094414621591568,0.3063867688179016,0.3687570095062256,0.09426356852054596,0.5272151827812195,0.6860002875328064,0.6949954628944397,0.68975430727005,0.03587540239095688,0.3328816294670105
10,0.3393956124782562,0.07754932343959808,0.5514485836029053,0.7188551425933838,0.7058725953102112,0.7095115184783936,0.028405126184225082,0.31099051237106323,0.3734552562236786,0.09056544303894043,0.5200376510620117,0.7146943807601929,0.656083345413208,0.6836203336715698,0.03196939826011658,0.341485857963562
11,0.31806936860084534,0.07012089341878891,0.5762560367584229,0.7287515997886658,0.7354945540428162,0.7307748198509216,0.026298748329281807,0.2917706072330475,0.35664427280426025,0.08044352382421494,0.5366288423538208,0.7475734949111938,0.6555078625679016,0.6983511447906494,0.02533593401312828,0.33130836486816406
12,0.32305607199668884,0.07511284947395325,0.5699453353881836,0.7433547973632812,0.712995171546936,0.7254377603530884,0.02718505449593067,0.29587098956108093,0.34682708978652954,0.07608204334974289,0.5525579452514648,0.7113409042358398,0.7139074802398682,0.7115791440010071,0.027840713039040565,0.3189864158630371
13,0.3099729120731354,0.06997192651033401,0.5840277075767517,0.7285740971565247,0.7485336065292358,0.7368054986000061,0.026988070458173752,0.28298479318618774,0.3503403663635254,0.0774172693490982,0.5444685816764832,0.727331280708313,0.6849696636199951,0.7048786282539368,0.026403168216347694,0.32393717765808105
14,0.3092048466205597,0.07206260412931442,0.5842966437339783,0.740276575088501,0.7375509738922119,0.7367945313453674,0.027450881898403168,0.28175392746925354,0.34120917320251465,0.07882987707853317,0.5576051473617554,0.7164271473884583,0.7147148847579956,0.7152823209762573,0.029782570898532867,0.31142657995224
15,0.2994726002216339,0.06732120364904404,0.595664918422699,0.7537199854850769,0.7417228817939758,0.745934247970581,0.024797748774290085,0.27467480301856995,0.3370720446109772,0.07849090546369553,0.5544065833091736,0.7356201410293579,0.692249059677124,0.7130922675132751,0.027786975726485252,0.309285044670105
16,0.3012782037258148,0.07213284075260162,0.5931781530380249,0.7453016638755798,0.7466482520103455,0.7441076636314392,0.028363805264234543,0.2729143798351288,0.3287046551704407,0.07341375201940536,0.5673378109931946,0.7492020726203918,0.7011057734489441,0.7236928939819336,0.025380359962582588,0.30332431197166443
17,0.29321959614753723,0.06803058832883835,0.6023136973381042,0.7528696060180664,0.7524452805519104,0.7514734864234924,0.025673000141978264,0.2675466239452362,0.3128536343574524,0.0720520168542862,0.5791712403297424,0.760767936706543,0.7079082727432251,0.733288049697876,0.02488565444946289,0.2879679799079895
18,0.28157520294189453,0.06569955497980118,0.6159355640411377,0.763486921787262,0.7629461884498596,0.7620615363121033,0.024592293426394463,0.2569829225540161,0.3298623561859131,0.08037048578262329,0.559492290019989,0.7667899131774902,0.674050509929657,0.7173156142234802,0.026468515396118164,0.3033938407897949
19,0.2808685600757599,0.0663333609700203,0.6145755648612976,0.7677896022796631,0.755511462688446,0.7607517242431641,0.024806341156363487,0.25606220960617065,0.31649160385131836,0.07208526879549026,0.567916750907898,0.7753692269325256,0.6801059246063232,0.724236011505127,0.023662716150283813,0.29282888770103455
20,0.270528644323349,0.06284230202436447,0.6282968521118164,0.7676417231559753,0.7762157320976257,0.7714084982872009,0.023835361003875732,0.24669332802295685,0.3117016553878784,0.07354085147380829,0.5818519592285156,0.7365210056304932,0.7358299493789673,0.7356358170509338,0.02874108776450157,0.28296059370040894
21,0.27172213792800903,0.061943911015987396,0.624664843082428,0.7724920511245728,0.7653825879096985,0.7683942317962646,0.023199787363409996,0.2485223114490509,0.2942832112312317,0.06854430586099625,0.6009644865989685,0.7525273561477661,0.7493410706520081,0.7506737112998962,0.026240244507789612,0.2680429518222809
22,0.26698189973831177,0.06318598985671997,0.6313626766204834,0.7743347883224487,0.7748140096664429,0.7736660838127136,0.02394680865108967,0.24303507804870605,0.3041435182094574,0.07115279138088226,0.589255154132843,0.7460016012191772,0.7397260069847107,0.7411221265792847,0.0276214387267828,0.27652207016944885
23,0.267407089471817,0.0631224736571312,0.6308973431587219,0.7728003859519958,0.7778468728065491,0.7733669281005859,0.02407180890440941,0.2433352768421173,0.29391705989837646,0.0675603449344635,0.605156421661377,0.7476975917816162,0.7605041265487671,0.7536569237709045,0.026224974542856216,0.26769208908081055
24,0.26108455657958984,0.061167072504758835,0.6365369558334351,0.7832716703414917,0.7755420804023743,0.7773366570472717,0.022521860897541046,0.238562673330307,0.2973679304122925,0.07368669658899307,0.6023600101470947,0.7148372530937195,0.7936912178993225,0.7516592741012573,0.03318709880113602,0.26418083906173706
25,0.2610209286212921,0.0628785565495491,0.6370043158531189,0.7783361077308655,0.7795803546905518,0.7779160737991333,0.024073384702205658,0.23694750666618347,0.29064178466796875,0.0670546442270279,0.6035069227218628,0.7582191824913025,0.7477906346321106,0.7523674964904785,0.02601614221930504,0.2646256387233734
26,0.25397929549217224,0.06066521629691124,0.6469469666481018,0.7854660153388977,0.7868741154670715,0.7852111458778381,0.02323470078408718,0.2307446151971817,0.2961617708206177,0.07033193856477737,0.5987812280654907,0.7323918342590332,0.7664578557014465,0.7488756775856018,0.029089538380503654,0.2670722007751465
27,0.2471296638250351,0.05757106468081474,0.6547271609306335,0.7892815470695496,0.7935360074043274,0.7909629940986633,0.02214907296001911,0.22498057782649994,0.2817319929599762,0.06823168694972992,0.6150557994842529,0.7441145777702332,0.7798207998275757,0.7613399624824524,0.02870052680373192,0.253031462430954
28,0.24960806965827942,0.05948452278971672,0.650489866733551,0.7902992367744446,0.7860156297683716,0.78797447681427,0.022784700617194176,0.2268233448266983,0.295094758272171,0.07487206161022186,0.6039536595344543,0.7320316433906555,0.7749773263931274,0.7525590062141418,0.03226436674594879,0.26283037662506104
29,0.25062233209609985,0.060043368488550186,0.6500402092933655,0.7852421402931213,0.7917539477348328,0.7876461744308472,0.02331824228167534,0.2273041158914566,0.28454479575157166,0.07249876856803894,0.6181482076644897,0.7137945294380188,0.8213369250297546,0.7635930180549622,0.034418098628520966,0.2501267194747925
30,0.2443770319223404,0.05820052698254585,0.6581262350082397,0.7924128174781799,0.7966936826705933,0.7935994267463684,0.021891940385103226,0.22248509526252747,0.28569766879081726,0.07234632968902588,0.6070170402526855,0.7637598514556885,0.7473617196083069,0.7552661299705505,0.028097912669181824,0.25759977102279663
31,0.23638750612735748,0.05491539463400841,0.6665312051773071,0.8014032244682312,0.7992926836013794,0.7995551228523254,0.020883439108729362,0.21550409495830536,0.282382607460022,0.07155413925647736,0.6095936298370361,0.7836640477180481,0.7331840991973877,0.7569557428359985,0.026210587471723557,0.2561720311641693
32,0.24280042946338654,0.057386286556720734,0.6584528684616089,0.7966318726539612,0.7918037176132202,0.7935912609100342,0.021817777305841446,0.220982626080513,0.28046223521232605,0.07153406739234924,0.6183343529701233,0.733090877532959,0.7993245124816895,0.7639247179031372,0.032373372465372086,0.24808885157108307
33,0.24052442610263824,0.05985318869352341,0.661481499671936,0.7973984479904175,0.796215832233429,0.7960441708564758,0.02297195792198181,0.21755248308181763,0.28101590275764465,0.07099518179893494,0.6142293214797974,0.7523919939994812,0.7705407738685608,0.7607852220535278,0.029278036206960678,0.2517378628253937
34,0.2314016968011856,0.053561482578516006,0.6732640862464905,0.8011254668235779,0.8098207116127014,0.8044877648353577,0.020899353548884392,0.21050235629081726,0.27789729833602905,0.0671343207359314,0.6121848821640015,0.7964050769805908,0.7253915667533875,0.7591953873634338,0.02313145063817501,0.2547658383846283
35,0.23649175465106964,0.0562637560069561,0.666617214679718,0.7993372678756714,0.8023892641067505,0.7997145056724548,0.022038208320736885,0.2144535928964615,0.28657203912734985,0.07188494503498077,0.6016859412193298,0.8127646446228027,0.6981161832809448,0.7510322332382202,0.023468773812055588,0.2631032466888428
36,0.23382705450057983,0.055729009211063385,0.6683226823806763,0.8069620728492737,0.7982558608055115,0.8009609580039978,0.02112525701522827,0.21270176768302917,0.27235257625579834,0.068775974214077,0.6223104596138,0.7830249071121216,0.7519367933273315,0.76687091588974,0.0256879311054945,0.2466646432876587
37,0.22068995237350464,0.05244594067335129,0.6864122152328491,0.8137134313583374,0.8139789700508118,0.8136964440345764,0.01992606930434704,0.20076394081115723,0.2734827399253845,0.07179128378629684,0.6269190907478333,0.7423624992370605,0.8011095523834229,0.770236074924469,0.03205370903015137,0.24142904579639435
38,0.22143666446208954,0.05238671600818634,0.684285581111908,0.8144400715827942,0.8110207915306091,0.8123400807380676,0.019878389313817024,0.20155826210975647,0.2797110080718994,0.07546219974756241,0.61691814661026,0.7567293643951416,0.7692612409591675,0.7628526091575623,0.030804425477981567,0.24890659749507904
39,0.23228716850280762,0.057566262781620026,0.6721237897872925,0.8044860363006592,0.8037372827529907,0.803301990032196,0.02236988954246044,0.20991726219654083,0.26879045367240906,0.07042241096496582,0.6349067091941833,0.7356852293014526,0.8222928047180176,0.7763053774833679,0.03384483978152275,0.23494559526443481
40,0.21962469816207886,0.05325641855597496,0.6867929100990295,0.8126495480537415,0.8179079294204712,0.8141220211982727,0.020740019157528877,0.19888469576835632,0.27772167325019836,0.0758875161409378,0.6311468482017517,0.713990330696106,0.8444858193397522,0.7734058499336243,0.038886867463588715,0.23883482813835144
41,0.22050169110298157,0.052021466195583344,0.6865289211273193,0.8111888766288757,0.818274199962616,0.8136577010154724,0.020319484174251556,0.20018218457698822,0.2730623185634613,0.07322507351636887,0.6246889233589172,0.7616395950317383,0.7761795520782471,0.7687331438064575,0.03032684326171875,0.24273547530174255
42,0.21839436888694763,0.051440127193927765,0.6881516575813293,0.8154031038284302,0.8154898881912231,0.8150148987770081,0.01962689682841301,0.1987674981355667,0.282635897397995,0.0734209269285202,0.6080722808837891,0.7935269474983215,0.7223302721977234,0.7559827566146851,0.02585945650935173,0.25677645206451416
43,0.22003817558288574,0.053116511553525925,0.6847072243690491,0.8220284581184387,0.8046237230300903,0.8125585913658142,0.019598811864852905,0.20043936371803284,0.26794397830963135,0.07093258202075958,0.6355593800544739,0.7371019124984741,0.8206272125244141,0.7764453291893005,0.03349614515900612,0.23444783687591553
44,0.20635254681110382,0.04807162657380104,0.7038946151733398,0.8214669823646545,0.8311131596565247,0.8258853554725647,0.01910177432000637,0.1872507780790329,0.2654366195201874,0.06956487149000168,0.6350558400154114,0.7552105188369751,0.7987265586853027,0.7762582898139954,0.030782271176576614,0.23465433716773987
45,0.20585164427757263,0.04794863611459732,0.7042561173439026,0.8213307857513428,0.832261323928833,0.8261264562606812,0.0185872633010149,0.18726438283920288,0.2622424066066742,0.06760275363922119,0.6352773904800415,0.7922565937042236,0.7615566253662109,0.7762454748153687,0.025931406766176224,0.23631098866462708
46,0.2052663415670395,0.04846319928765297,0.7043444514274597,0.8275613784790039,0.8267301917076111,0.8263259530067444,0.018718307837843895,0.18654803931713104,0.25841134786605835,0.06659383326768875,0.6428029537200928,0.7761862277984619,0.7870000004768372,0.7813993096351624,0.027665168046951294,0.23074617981910706
47,0.20298902690410614,0.047907955944538116,0.707136332988739,0.8279049396514893,0.8306216597557068,0.8283075094223022,0.018642602488398552,0.18434639275074005,0.2649410665035248,0.07234583795070648,0.6332241892814636,0.7818864583969116,0.7673125863075256,0.7743245363235474,0.02886032499372959,0.23608073592185974
48,0.2085135132074356,0.051368825137615204,0.6999458074569702,0.827462911605835,0.8210277557373047,0.8233219981193542,0.019644854590296745,0.18886862695217133,0.2544483542442322,0.06521328538656235,0.6447809934616089,0.7850022912025452,0.7824477553367615,0.7827746868133545,0.026464348658919334,0.2279840111732483
49,0.19928482174873352,0.046550411731004715,0.7113522887229919,0.8333331942558289,0.8293952941894531,0.8311029076576233,0.017765594646334648,0.18151922523975372,0.25786465406417847,0.06871623545885086,0.6402005553245544,0.7813595533370972,0.7791531682014465,0.7798655033111572,0.027631128206849098,0.23023352026939392
50,0.2046615183353424,0.05022750049829483,0.7049797177314758,0.8299267888069153,0.8244799375534058,0.8268098831176758,0.019273541867733,0.18538795411586761,0.26222944259643555,0.0721195787191391,0.6402797102928162,0.7519491910934448,0.8109394907951355,0.7801403999328613,0.0330006405711174,0.22922879457473755
51,0.20552237331867218,0.04940147325396538,0.703362226486206,0.8299591541290283,0.8230036497116089,0.8256572484970093,0.018994513899087906,0.18652789294719696,0.2816305160522461,0.07975006848573685,0.6283890604972839,0.7050154209136963,0.8522311449050903,0.7711195945739746,0.042035214602947235,0.23959532380104065
52,0.19708050787448883,0.04663979634642601,0.7154483199119568,0.8294112086296082,0.8398130536079407,0.8337866067886353,0.01842496544122696,0.17865553498268127,0.26451995968818665,0.07180234789848328,0.6348065733909607,0.7714613676071167,0.7799649238586426,0.7754555940628052,0.030176423490047455,0.2343435436487198
53,0.19801105558872223,0.046511854976415634,0.7145481109619141,0.82685786485672,0.8406675457954407,0.8333488702774048,0.01860150508582592,0.17940956354141235,0.2633850574493408,0.07109010964632034,0.6421053409576416,0.7464060187339783,0.8199897408485413,0.781356155872345,0.033767931163311005,0.2296171337366104
54,0.1892184466123581,0.04516599699854851,0.7249166369438171,0.8393446803092957,0.8424997925758362,0.8403316140174866,0.017328601330518723,0.17188984155654907,0.26837068796157837,0.07542823255062103,0.6357703804969788,0.7488712668418884,0.8063904047012329,0.7760859131813049,0.034830816090106964,0.2335398942232132
55,0.19900092482566833,0.047812700271606445,0.7111250162124634,0.8305385112762451,0.8318431377410889,0.8309545516967773,0.018478749319911003,0.18052218854427338,0.26496994495391846,0.07196353375911713,0.6391474008560181,0.7456061244010925,0.8157519102096558,0.7788633108139038,0.03347856178879738,0.231491357088089
56,0.19461999833583832,0.04657534509897232,0.7164855599403381,0.8346751928329468,0.836474597454071,0.8346886038780212,0.017976071685552597,0.17664392292499542,0.2587932348251343,0.07260684669017792,0.6453831195831299,0.7640228271484375,0.805377721786499,0.7836859226226807,0.03251006826758385,0.22628317773342133
57,0.19220766425132751,0.0452120304107666,0.7204325199127197,0.837356686592102,0.8396090865135193,0.8373063206672668,0.017531413584947586,0.17467626929283142,0.26721417903900146,0.07379956543445587,0.6285055875778198,0.8083049058914185,0.7373148798942566,0.7706335783004761,0.026660073548555374,0.240554079413414
58,0.1858135163784027,0.04345117509365082,0.7281099557876587,0.8466020822525024,0.8404538035392761,0.8424572348594666,0.01664441078901291,0.1691691279411316,0.25518909096717834,0.07166904211044312,0.6450015306472778,0.7894648909568787,0.7781641483306885,0.7830615043640137,0.0292239710688591,0.22596512734889984
59,0.19508600234985352,0.047911934554576874,0.7166263461112976,0.8427237272262573,0.8287457823753357,0.8346132636070251,0.017954029142856598,0.17713196575641632,0.2735147476196289,0.07845614850521088,0.6383705735206604,0.7092155814170837,0.8635449409484863,0.7785539031028748,0.042324498295784,0.2311902642250061
60,0.1906217634677887,0.045395541936159134,0.7239750623703003,0.8345964550971985,0.8479093909263611,0.8396774530410767,0.0182020403444767,0.1724197268486023,0.2691410481929779,0.07559829950332642,0.6415836811065674,0.71770840883255,0.8560481667518616,0.7806307077407837,0.0400366373360157,0.2291044145822525
61,0.18869222700595856,0.0461680144071579,0.7249573469161987,0.838088870048523,0.8455987572669983,0.8404517769813538,0.018296806141734123,0.1703954041004181,0.2594985067844391,0.07480199635028839,0.6472811102867126,0.7498387098312378,0.8236255049705505,0.7847238183021545,0.035377077758312225,0.22412142157554626
62,0.1826302409172058,0.04352883622050285,0.7327085733413696,0.8486915230751038,0.843356728553772,0.8454685211181641,0.01651228964328766,0.16611798107624054,0.2501165270805359,0.07184167206287384,0.6564639210700989,0.7670692801475525,0.8174859881401062,0.7913569211959839,0.032680898904800415,0.21743562817573547
63,0.1823488175868988,0.04335743188858032,0.7323519587516785,0.8443558812141418,0.8467847108840942,0.8452242612838745,0.01676938124001026,0.16557946801185608,0.24781616032123566,0.06907758116722107,0.6526198387145996,0.8045532703399658,0.7734237909317017,0.7883785963058472,0.026984648779034615,0.2208315134048462
64,0.17800337076187134,0.04273759946227074,0.7391241192817688,0.8490667939186096,0.850822389125824,0.8498613238334656,0.016650179401040077,0.1613531857728958,0.25118598341941833,0.07324579358100891,0.6522085666656494,0.7884138226509094,0.7888995409011841,0.7884215116500854,0.030353283509612083,0.2208326905965805
65,0.18033519387245178,0.04287813976407051,0.7354875802993774,0.8460841774940491,0.8491748571395874,0.8474429845809937,0.01663772575557232,0.16369745135307312,0.24836941063404083,0.06994946300983429,0.6521515846252441,0.7991053462028503,0.7783628106117249,0.7879993319511414,0.027607528492808342,0.22076188027858734
66,0.17763501405715942,0.042001329362392426,0.7391482591629028,0.847791314125061,0.8530377149581909,0.8498249650001526,0.016428513452410698,0.16120649874210358,0.2439008355140686,0.0676327645778656,0.6575117707252502,0.8022719025611877,0.7822455763816833,0.791831910610199,0.026821745559573174,0.21707908809185028
67,0.17949272692203522,0.04363902658224106,0.7358198761940002,0.8519142866134644,0.8449072241783142,0.8476630449295044,0.016501499339938164,0.1629912406206131,0.2536086142063141,0.07194484770298004,0.6485089659690857,0.7826951742172241,0.7888782620429993,0.7855907678604126,0.029893958941102028,0.2237146496772766
68,0.17459852993488312,0.040615301579236984,0.7426628470420837,0.8536291122436523,0.8525616526603699,0.852160632610321,0.015572269447147846,0.15902628004550934,0.2604339122772217,0.07551097869873047,0.6484419107437134,0.7404752373695374,0.8397321701049805,0.7856364250183105,0.03794674202799797,0.22248715162277222
69,0.1726476401090622,0.04105140268802643,0.7463687062263489,0.8531545996665955,0.857226550579071,0.8545575737953186,0.016037316992878914,0.15661032497882843,0.2557467818260193,0.07373719662427902,0.6581696271896362,0.7300084233283997,0.8677282929420471,0.7926660776138306,0.039246104657649994,0.2165006697177887
70,0.17648622393608093,0.042543552815914154,0.7408612370491028,0.8459608554840088,0.8579235076904297,0.8509790301322937,0.016973791643977165,0.15951243042945862,0.24538086354732513,0.06756693869829178,0.662000298500061,0.7670000791549683,0.8272719979286194,0.7956072092056274,0.03135509043931961,0.21402576565742493
71,0.17298299074172974,0.04183889552950859,0.7442408204078674,0.8559200763702393,0.853174090385437,0.8533012270927429,0.01614774949848652,0.15683527290821075,0.2451050579547882,0.069699726998806,0.6542433500289917,0.8113281726837158,0.7705388069152832,0.790022075176239,0.02686103992164135,0.2182440161705017
72,0.17654065787792206,0.043826624751091,0.7402740716934204,0.8582106232643127,0.844745397567749,0.8505336046218872,0.016790952533483505,0.15974970161914825,0.25382375717163086,0.07579508423805237,0.6499049663543701,0.7811613082885742,0.7925322651863098,0.7864330410957336,0.03247486427426338,0.22134889662265778
73,0.17255964875221252,0.04173393175005913,0.745418131351471,0.8563169240951538,0.8531397581100464,0.8540063500404358,0.016387149691581726,0.1561724692583084,0.2520154118537903,0.0749250203371048,0.6521737575531006,0.7811979055404663,0.7967860698699951,0.7884805798530579,0.03191623091697693,0.22009918093681335
74,0.17053940892219543,0.0413065068423748,0.7483208775520325,0.8520126938819885,0.8610833287239075,0.8558899164199829,0.016521040350198746,0.1540183424949646,0.25228458642959595,0.07534857094287872,0.6490648984909058,0.7938488125801086,0.778251588344574,0.7857449054718018,0.03020510822534561,0.22207945585250854
75,0.1711331456899643,0.04093343764543533,0.7477706074714661,0.854110836982727,0.8575010895729065,0.8555166721343994,0.01612192951142788,0.15501120686531067,0.24593067169189453,0.07439054548740387,0.6568388938903809,0.8081585764884949,0.7765002250671387,0.7913358807563782,0.02913513407111168,0.21679554879665375
76,0.16982388496398926,0.04048076644539833,0.7483437657356262,0.8560424447059631,0.8560006618499756,0.8559137582778931,0.015809185802936554,0.1540146917104721,0.24580691754817963,0.0716894194483757,0.6589764356613159,0.7787306904792786,0.8088818788528442,0.7932249307632446,0.03130071237683296,0.21450620889663696
77,0.16280987858772278,0.037348076701164246,0.7584868669509888,0.858798623085022,0.8668599724769592,0.862494170665741,0.014839847572147846,0.1479700356721878,0.24517092108726501,0.07213101536035538,0.659610390663147,0.7843196988105774,0.803879976272583,0.7936482429504395,0.031044932082295418,0.21412599086761475
78,0.16889075934886932,0.040663402527570724,0.7499465942382812,0.8627099990844727,0.8518725037574768,0.8567226529121399,0.015213971957564354,0.15367677807807922,0.25641196966171265,0.07760612666606903,0.6538116931915283,0.7520833015441895,0.8316360712051392,0.7893625497817993,0.037261977791786194,0.21914999186992645
79,0.16630668938159943,0.03988748788833618,0.7537382245063782,0.8579102754592896,0.861632227897644,0.8594576716423035,0.015501575544476509,0.15080510079860687,0.24448557198047638,0.06927314400672913,0.6609711647033691,0.7757656574249268,0.8142550587654114,0.7943095564842224,0.030627092346549034,0.2138584703207016
80,0.16704489290714264,0.03977296128869057,0.7517961859703064,0.859935462474823,0.8573923110961914,0.8581571578979492,0.01534977275878191,0.151695117354393,0.2426980435848236,0.07013075053691864,0.6602542996406555,0.8029339909553528,0.7863308787345886,0.7933083772659302,0.028180260211229324,0.21451778709888458
81,0.16187119483947754,0.038663074374198914,0.7597821950912476,0.8614939451217651,0.866509199142456,0.8633471727371216,0.015108211897313595,0.14676298201084137,0.2461182177066803,0.07157355546951294,0.6570699214935303,0.8022915124893188,0.7812398076057434,0.7912970781326294,0.028653640300035477,0.21746456623077393
82,0.1631666123867035,0.03860820457339287,0.7576622366905212,0.8650544881820679,0.8591788411140442,0.8618841171264648,0.014689052477478981,0.14847758412361145,0.2610245943069458,0.07891233265399933,0.6475837230682373,0.7526743412017822,0.8214447498321533,0.7851096391677856,0.037310466170310974,0.22371411323547363
83,0.16503416001796722,0.03854664787650108,0.7554221749305725,0.8610439300537109,0.8610514402389526,0.8604797720909119,0.015010072849690914,0.15002411603927612,0.25130006670951843,0.07651267945766449,0.6575480699539185,0.765286922454834,0.8211582899093628,0.7919571399688721,0.03552662581205368,0.21577344834804535
84,0.16693314909934998,0.04107409715652466,0.7530136704444885,0.8578999638557434,0.8606510758399963,0.8588870763778687,0.016269393265247345,0.15066377818584442,0.26181429624557495,0.08275847136974335,0.6416539549827576,0.7797908782958984,0.7810158729553223,0.7801668643951416,0.03486199676990509,0.22695231437683105
85,0.1630268096923828,0.0386321023106575,0.7563132643699646,0.8619806170463562,0.8616666197776794,0.8611800670623779,0.014956866391003132,0.14806994795799255,0.2569742202758789,0.08380182087421417,0.6455506682395935,0.7959185838699341,0.7720174789428711,0.7829484343528748,0.03343977406620979,0.2235344648361206
86,0.16170373558998108,0.038438793271780014,0.7595309615135193,0.8600505590438843,0.868104100227356,0.8632158637046814,0.015136538073420525,0.1465671807527542,0.2432069480419159,0.0739530622959137,0.663497269153595,0.7916263937950134,0.8012447357177734,0.7962247133255005,0.03158274292945862,0.21162420511245728
87,0.16208648681640625,0.039067864418029785,0.7594017386436462,0.8665749430656433,0.8615497350692749,0.8630200624465942,0.014903430826961994,0.14718303084373474,0.24722817540168762,0.07526426762342453,0.6582270264625549,0.7921537160873413,0.7931997776031494,0.7924872040748596,0.03169996663928032,0.215528205037117
88,0.15339972078800201,0.03621315956115723,0.7707802653312683,0.870403528213501,0.871275782585144,0.8703984618186951,0.01417192816734314,0.13922780752182007,0.24049153923988342,0.07403633743524551,0.6613239049911499,0.8241552114486694,0.7675744295120239,0.7941590547561646,0.027462709695100784,0.21302881836891174
89,0.15393052995204926,0.036490991711616516,0.7699375152587891,0.8731838464736938,0.8673189878463745,0.869860827922821,0.013768741860985756,0.14016179740428925,0.24079716205596924,0.07436283677816391,0.6635773181915283,0.7998127341270447,0.7939209342002869,0.7963520288467407,0.030292406678199768,0.21050475537776947
90,0.15926684439182281,0.037881240248680115,0.7633687853813171,0.8627157211303711,0.8696040511131287,0.8656953573226929,0.015044900588691235,0.1442219465970993,0.24672748148441315,0.07479431480169296,0.6638661026954651,0.7642480731010437,0.8324981927871704,0.7967804074287415,0.035332731902599335,0.21139474213123322
91,0.1576198935508728,0.03736132010817528,0.7651762366294861,0.8690599203109741,0.8650835156440735,0.8667848110198975,0.014460575766861439,0.14315934479236603,0.2479715794324875,0.0788697600364685,0.6593382954597473,0.7808171510696411,0.8069493770599365,0.7933264374732971,0.034696027636528015,0.21327555179595947
92,0.1543404459953308,0.036619704216718674,0.7686006426811218,0.8697827458381653,0.8703688383102417,0.8690664768218994,0.014048157259821892,0.14029227197170258,0.23954369127750397,0.07353605329990387,0.6750549674034119,0.7648083567619324,0.8481549024581909,0.8041609525680542,0.036052994430065155,0.20349068939685822
93,0.154653400182724,0.035804811865091324,0.7687605619430542,0.8688865303993225,0.8698106408119202,0.8691723346710205,0.013994468376040459,0.1406589150428772,0.24751120805740356,0.07374481856822968,0.6644158363342285,0.7502543926239014,0.85014408826828,0.7969122529029846,0.036754313856363297,0.21075688302516937
94,0.14783787727355957,0.03414088115096092,0.7786086797714233,0.8746297359466553,0.876730740070343,0.8753734827041626,0.013314229436218739,0.13452363014221191,0.24010911583900452,0.07255113869905472,0.6716936230659485,0.7724462151527405,0.834640622138977,0.8020757436752319,0.03401587903499603,0.20609323680400848
95,0.15676097571849823,0.03820256516337395,0.7657491564750671,0.8686873912811279,0.8662034273147583,0.8672573566436768,0.014757687225937843,0.14200326800346375,0.2384699583053589,0.07376120984554291,0.6724660992622375,0.7792396545410156,0.8280157446861267,0.8024982213973999,0.033830493688583374,0.2046394646167755
96,0.14674082398414612,0.03515069559216499,0.7796761393547058,0.8754287362098694,0.8777715563774109,0.8761731386184692,0.013588172383606434,0.13315264880657196,0.2341463565826416,0.07160288095474243,0.6742537021636963,0.798505425453186,0.8097320795059204,0.8038736581802368,0.03081744909286499,0.2033289074897766
97,0.15086248517036438,0.035210318863391876,0.7735663652420044,0.875255823135376,0.8695766925811768,0.8721457719802856,0.013564161024987698,0.1372983157634735,0.23391389846801758,0.06941604614257812,0.6750044822692871,0.798008382320404,0.8108328580856323,0.8036621809005737,0.02977420575916767,0.20413969457149506
98,0.14219163358211517,0.033305905759334564,0.786206066608429,0.8766542077064514,0.8843335509300232,0.8801324367523193,0.013045260682702065,0.12914636731147766,0.2393510937690735,0.0755816251039505,0.6662548780441284,0.8103277087211609,0.7864524126052856,0.7979505062103271,0.030286680907011032,0.20906440913677216
99,0.14421270787715912,0.0342055968940258,0.7832575440406799,0.8806947469711304,0.8766821622848511,0.8783594369888306,0.013190493918955326,0.13102221488952637,0.24366086721420288,0.0776510089635849,0.6600775122642517,0.8087493181228638,0.7797988653182983,0.7937052249908447,0.030596857890486717,0.2130640149116516
100,0.15123002231121063,0.03619680553674698,0.7730703353881836,0.8738422989845276,0.8703054785728455,0.8719260692596436,0.01393813081085682,0.13729189336299896,0.23139843344688416,0.07251031696796417,0.6796393394470215,0.7964823246002197,0.8190476894378662,0.8075541257858276,0.03194200247526169,0.19945643842220306
101,0.15161293745040894,0.0373101644217968,0.7725009322166443,0.8689976930618286,0.8749325275421143,0.8715201020240784,0.014786495827138424,0.13682642579078674,0.23197999596595764,0.07078945636749268,0.6755692958831787,0.8066388368606567,0.8029956817626953,0.8045998811721802,0.02941579930484295,0.20256419479846954
102,0.14821113646030426,0.035452451556921005,0.7762721180915833,0.8795202970504761,0.8688624501228333,0.8739205002784729,0.013438062742352486,0.13477306067943573,0.23539559543132782,0.07329990714788437,0.6757775545120239,0.7842389345169067,0.82683265209198,0.8048393726348877,0.033385928720235825,0.2020096629858017
103,0.14600975811481476,0.03519096598029137,0.7807751297950745,0.8784938454627991,0.876251220703125,0.8767861127853394,0.013607542961835861,0.1324022263288498,0.23950594663619995,0.07482963800430298,0.6673886179924011,0.7925036549568176,0.8049426674842834,0.7984903454780579,0.03214845061302185,0.2073574960231781
104,0.14428626000881195,0.03381872549653053,0.7819591164588928,0.8753252029418945,0.8811084032058716,0.8775699138641357,0.013336816802620888,0.130949467420578,0.23764482140541077,0.07387988269329071,0.6743636727333069,0.7808199524879456,0.8288118839263916,0.8039093017578125,0.03432063013315201,0.20332418382167816
105,0.1487227827310562,0.035456910729408264,0.7774858474731445,0.8741288781166077,0.8754538297653198,0.8746108412742615,0.013892056420445442,0.13483069837093353,0.2365676313638687,0.07438652962446213,0.6710080504417419,0.8013790249824524,0.801699161529541,0.801410973072052,0.030986273661255836,0.20558135211467743
106,0.14362166821956635,0.034031495451927185,0.7832012176513672,0.8820975422859192,0.8749667406082153,0.878182053565979,0.01284365076571703,0.13077802956104279,0.2446667104959488,0.07657448202371597,0.6688528060913086,0.7627547383308411,0.8408989310264587,0.7997395396232605,0.0374775193631649,0.2071891874074936
107,0.14211754500865936,0.03286215290427208,0.7858092188835144,0.8784453868865967,0.8823081851005554,0.8799423575401306,0.012991229072213173,0.12912631034851074,0.22939470410346985,0.07046812027692795,0.6813142895698547,0.7983050346374512,0.8195143342018127,0.8085583448410034,0.03101496770977974,0.1983797252178192
108,0.1412535160779953,0.033343806862831116,0.7874646782875061,0.8782030344009399,0.8847512602806091,0.8810186386108398,0.0132484445348382,0.12800505757331848,0.2352219521999359,0.07356598228216171,0.6748906373977661,0.7910863757133484,0.81815505027771,0.8041610717773438,0.03260615095496178,0.20261578261852264
109,0.14456580579280853,0.034970834851264954,0.7818677425384521,0.880592405796051,0.875039279460907,0.8774368166923523,0.0133657930418849,0.13120003044605255,0.240444153547287,0.07826022803783417,0.6614801287651062,0.8275187015533447,0.765148401260376,0.7948697209358215,0.02840580977499485,0.21203835308551788
110,0.14574989676475525,0.034811608493328094,0.7801728844642639,0.8765261769294739,0.8769071698188782,0.8763156533241272,0.013609753921627998,0.1321401447057724,0.2364010512828827,0.0754925012588501,0.6672629117965698,0.8291990756988525,0.7711802124977112,0.7988441586494446,0.02803146466612816,0.20836956799030304
111,0.14486785233020782,0.03489864617586136,0.7809838056564331,0.8785527348518372,0.8763159513473511,0.8769291639328003,0.013631075620651245,0.13123676180839539,0.2371370941400528,0.07545798271894455,0.6716867089271545,0.8001872301101685,0.8036983013153076,0.8017917275428772,0.03231406584382057,0.20482303202152252
112,0.14194996654987335,0.034174468368291855,0.7855321168899536,0.881219744682312,0.8789812922477722,0.8797656893730164,0.013221066445112228,0.12872889637947083,0.2384864091873169,0.07823942601680756,0.6723045110702515,0.7878304123878479,0.817503035068512,0.8018938302993774,0.03509516268968582,0.20339125394821167
113,0.14113780856132507,0.03369564190506935,0.7865216732025146,0.8812103271484375,0.8800823092460632,0.8804053664207458,0.013145623728632927,0.127992182970047,0.23607870936393738,0.0764002799987793,0.6742250919342041,0.7923814058303833,0.8160495758056641,0.8039026856422424,0.03374338895082474,0.20233531296253204
114,0.13586391508579254,0.032206062227487564,0.7943003177642822,0.8870470523834229,0.8839346170425415,0.8852418661117554,0.012557185254991055,0.12330672144889832,0.23503988981246948,0.07439597696065903,0.6770966649055481,0.7826738357543945,0.8308514952659607,0.8058239221572876,0.034576717764139175,0.2004631757736206
115,0.13779416680335999,0.03284541144967079,0.7913886308670044,0.8825361728668213,0.8847488760948181,0.8834568858146667,0.012796465307474136,0.12499769777059555,0.23472817242145538,0.0729314535856247,0.6779639720916748,0.7754247188568115,0.8408275842666626,0.8065502643585205,0.03501249849796295,0.19971565902233124
116,0.1407168060541153,0.03365325927734375,0.7879869341850281,0.8819823861122131,0.8808037638664246,0.8812621235847473,0.01311876904219389,0.12759803235530853,0.23545949161052704,0.07490523159503937,0.6728245615959167,0.8054859638214111,0.8005528450012207,0.8027254343032837,0.031176472082734108,0.20428301393985748
117,0.13384626805782318,0.031230894848704338,0.7967216372489929,0.8893111944198608,0.8848355412483215,0.8867893815040588,0.011928864754736423,0.12191737443208694,0.23965370655059814,0.07751024514436722,0.673527181148529,0.7756949067115784,0.8336058855056763,0.8033204674720764,0.03595581650733948,0.20369789004325867
118,0.13385507464408875,0.03101463057100773,0.7972625494003296,0.8828598856925964,0.8920722603797913,0.8870564699172974,0.012466776184737682,0.12138829380273819,0.237594336271286,0.07925949990749359,0.6743319034576416,0.7877768278121948,0.8210614919662476,0.8038291931152344,0.035110071301460266,0.20248425006866455
119,0.13548986613750458,0.03155677393078804,0.794716477394104,0.8843497037887573,0.8872127532958984,0.8855196833610535,0.01244231965392828,0.12304755300283432,0.22966107726097107,0.07429496198892593,0.679405152797699,0.8114670515060425,0.8033652305603027,0.8072109222412109,0.03024958074092865,0.19941149652004242
120,0.13043472170829773,0.03043481893837452,0.8017871379852295,0.8920322060585022,0.8884574770927429,0.8899406790733337,0.011629984714090824,0.11880472302436829,0.23731131851673126,0.07894766330718994,0.6684081554412842,0.8207496404647827,0.7795137166976929,0.7991806864738464,0.029843591153621674,0.207467719912529
121,0.13848476111888885,0.034188032150268555,0.7903602719306946,0.8873037099838257,0.8792741298675537,0.8827153444290161,0.013187956064939499,0.12529680132865906,0.2352289855480194,0.07646237313747406,0.6753684878349304,0.8001613616943359,0.8081203699111938,0.8039750456809998,0.0325746051967144,0.20265436172485352
122,0.13561198115348816,0.03288030996918678,0.7934356331825256,0.8890308737754822,0.8813700079917908,0.8847885727882385,0.012414454482495785,0.1231975257396698,0.24641773104667664,0.07950572669506073,0.6686382293701172,0.7567481994628906,0.8476001024246216,0.7992875576019287,0.03975524753332138,0.20666247606277466
123,0.13457641005516052,0.03194522485136986,0.7957376837730408,0.8851869106292725,0.8877990245819092,0.8860892653465271,0.012709966860711575,0.12186644971370697,0.22832204401493073,0.07240419834852219,0.6824211478233337,0.802200973033905,0.8164271116256714,0.8089328408241272,0.03136475011706352,0.1969572901725769
124,0.13263288140296936,0.031789470463991165,0.7976733446121216,0.8882171511650085,0.8869816660881042,0.8873918056488037,0.012329194694757462,0.1203036829829216,0.2283194661140442,0.07399974763393402,0.6825600266456604,0.8058307766914368,0.8127999305725098,0.8090683817863464,0.03157031908631325,0.19674916565418243
125,0.13408441841602325,0.03131646290421486,0.7967365980148315,0.8869739770889282,0.887244462966919,0.886762797832489,0.012306397780776024,0.12177802622318268,0.23613066971302032,0.0760895162820816,0.6811875700950623,0.7689807415008545,0.851887583732605,0.8081866502761841,0.03796834498643875,0.19816233217716217
126,0.13277707993984222,0.031843435019254684,0.798130989074707,0.886509120464325,0.8894135355949402,0.8876624703407288,0.012565785087645054,0.12021129578351974,0.23431390523910522,0.07867179065942764,0.677436888217926,0.7977008819580078,0.8141747117042542,0.8056284785270691,0.03433544188737869,0.19997845590114594
127,0.1315530389547348,0.031134597957134247,0.799862265586853,0.8896196484565735,0.8882313966751099,0.8887435793876648,0.012109301052987576,0.11944374442100525,0.23476237058639526,0.07807765901088715,0.678460955619812,0.7914895415306091,0.8223106861114502,0.8064396381378174,0.03494895622134209,0.19981341063976288
128,0.1333887279033661,0.032050713896751404,0.7971082925796509,0.8885372877120972,0.8860074281692505,0.8870366811752319,0.012480397708714008,0.12090832740068436,0.23140724003314972,0.0790771022439003,0.6749102473258972,0.8284666538238525,0.7816289663314819,0.8041268587112427,0.02998926118016243,0.2014179825782776
129,0.1312633454799652,0.031975455582141876,0.8005344867706299,0.8910015225410461,0.8877029418945312,0.8891102075576782,0.012355629354715347,0.11890771985054016,0.2348630577325821,0.08051697164773941,0.6721287369728088,0.8236801028251648,0.7817704677581787,0.801760196685791,0.03093339502811432,0.20392967760562897
130,0.1300038844347,0.031009133905172348,0.802166759967804,0.8921529650688171,0.889264702796936,0.890181839466095,0.012084519490599632,0.11791936308145523,0.24032171070575714,0.08268110454082489,0.6632946133613586,0.8259374499320984,0.768761157989502,0.7959640622138977,0.0309741273522377,0.20934759080410004
131,0.13458628952503204,0.03274467960000038,0.7956477999687195,0.8871057033538818,0.8858777284622192,0.8860718011856079,0.012789241038262844,0.12179704010486603,0.23805023729801178,0.08200082182884216,0.6707853078842163,0.8049106597900391,0.7983511090278625,0.8013246655464172,0.03412974253296852,0.20392049849033356
132,0.13062354922294617,0.030967583879828453,0.8017212748527527,0.8872310519218445,0.8936853408813477,0.889872133731842,0.01243087463080883,0.11819267272949219,0.23772870004177094,0.08370715379714966,0.6774330735206604,0.7842019200325012,0.8291557431221008,0.8057700395584106,0.03823842108249664,0.1994902789592743
133,0.13033850491046906,0.031100260093808174,0.8017690181732178,0.8898826837539673,0.8906246423721313,0.8898531198501587,0.012108976021409035,0.11822952330112457,0.23130270838737488,0.08227080851793289,0.6745651960372925,0.8425589203834534,0.7687060236930847,0.8032994866371155,0.028541188687086105,0.20276151597499847
134,0.12909194827079773,0.030838310718536377,0.8030368685722351,0.8961427211761475,0.8862956166267395,0.8906962275505066,0.011582611128687859,0.11750935018062592,0.2503913640975952,0.09473916888237,0.6478326916694641,0.8572152256965637,0.7243461608886719,0.7847381830215454,0.029766397550702095,0.22062496840953827
135,0.1272323578596115,0.029988663271069527,0.8058465123176575,0.8936377763748169,0.8918331265449524,0.8923698663711548,0.011592336930334568,0.11564002931118011,0.23126086592674255,0.07922416925430298,0.6799508929252625,0.8077583312988281,0.8079594373703003,0.8076093196868896,0.03313414752483368,0.19812673330307007
136,0.12284878641366959,0.029093649238348007,0.8123249411582947,0.8956628441810608,0.8976144790649414,0.8963948488235474,0.011412840336561203,0.11143595725297928,0.22858618199825287,0.07978051900863647,0.6828948259353638,0.807788610458374,0.8120598793029785,0.8097093105316162,0.03312749043107033,0.19545869529247284
137,0.12653614580631256,0.030230671167373657,0.8063233494758606,0.8964198231697083,0.8895048499107361,0.8927414417266846,0.011490943841636181,0.11504519730806351,0.2289651334285736,0.08015662431716919,0.6865994930267334,0.7938046455383301,0.8322879672050476,0.8124069571495056,0.03640429303050041,0.1925608366727829
138,0.12497373670339584,0.02970675379037857,0.8087412714958191,0.8951082825660706,0.8936358690261841,0.8942173719406128,0.011486092582345009,0.11348763853311539,0.2326619029045105,0.07931865751743317,0.6833022832870483,0.7793434858322144,0.8439129590988159,0.8101497888565063,0.037619929760694504,0.1950419694185257
139,0.1294747292995453,0.030355779454112053,0.8028363585472107,0.8911705017089844,0.890484631061554,0.8905410766601562,0.011827435344457626,0.11764729768037796,0.23857763409614563,0.08277874439954758,0.6775845885276794,0.7797311544418335,0.8353567719459534,0.8062074780464172,0.03973010554909706,0.19884751737117767
140,0.12061316519975662,0.028444165363907814,0.815464198589325,0.8993765711784363,0.8975185751914978,0.8982426524162292,0.011020117439329624,0.10959304124116898,0.23625461757183075,0.07950044423341751,0.6773741841316223,0.791724681854248,0.8202040195465088,0.8054846525192261,0.03593526780605316,0.2003193497657776
141,0.12468786537647247,0.02983102947473526,0.8088929653167725,0.896230936050415,0.8924570679664612,0.8942088484764099,0.011467277072370052,0.11322057992219925,0.23331400752067566,0.08256930112838745,0.6754802465438843,0.8162099123001099,0.7937973737716675,0.8045778870582581,0.032632797956466675,0.20068120956420898
142,0.11993309110403061,0.028190940618515015,0.8157784342765808,0.9010505080223083,0.8962200880050659,0.8984259366989136,0.010806994512677193,0.10912610590457916,0.23525097966194153,0.08365155756473541,0.6736199855804443,0.8151826858520508,0.7921026349067688,0.8030060529708862,0.03307348117232323,0.202177494764328
143,0.12700293958187103,0.030193526297807693,0.8064706921577454,0.891821026802063,0.8937293887138367,0.8926793336868286,0.011861959472298622,0.11514098942279816,0.23366409540176392,0.07978318631649017,0.6731377840042114,0.8201147317886353,0.7869945764541626,0.8029880523681641,0.031163707375526428,0.2025003880262375
144,0.12358943372964859,0.029163602739572525,0.8107028603553772,0.8962695002555847,0.8951271772384644,0.8954076170921326,0.011467888019979,0.11212155222892761,0.22435668110847473,0.07719307392835617,0.6878761053085327,0.8165279030799866,0.810147762298584,0.813072144985199,0.03200333192944527,0.19235336780548096
145,0.12213713675737381,0.029232017695903778,0.8132031559944153,0.8952963352203369,0.8990350365638733,0.8969277739524841,0.011521956883370876,0.11061517149209976,0.22014018893241882,0.07270213961601257,0.6924495100975037,0.8207597732543945,0.8119533061981201,0.8157498836517334,0.029572224244475365,0.1905679702758789
146,0.11942990124225616,0.027997169643640518,0.8165509700775146,0.9027273654937744,0.8955068588256836,0.8989861607551575,0.01054280623793602,0.10888710618019104,0.21873986721038818,0.0741400420665741,0.695004940032959,0.8176568150520325,0.8190311193466187,0.817940890789032,0.031350694596767426,0.18738916516304016
147,0.12399502098560333,0.029565470293164253,0.8101720809936523,0.8965680003166199,0.8939386606216431,0.8950282335281372,0.011408502236008644,0.11258651316165924,0.2231409102678299,0.07685966044664383,0.6900473833084106,0.813774585723877,0.8160501718521118,0.8144903779029846,0.03300293907523155,0.19013798236846924
148,0.12557485699653625,0.029726041480898857,0.8079668879508972,0.8916641473770142,0.8962835073471069,0.8936253190040588,0.01184492465108633,0.11372992396354675,0.2347460836172104,0.08247587084770203,0.6725196838378906,0.8228973150253296,0.7842756509780884,0.8026120662689209,0.03247028961777687,0.20227578282356262
149,0.1254856139421463,0.030302811414003372,0.8079522252082825,0.8958539962768555,0.8921613693237305,0.893700361251831,0.01159682683646679,0.11388879269361496,0.21967709064483643,0.07160485535860062,0.6924156546592712,0.8164013624191284,0.815403938293457,0.8154584169387817,0.029464231804013252,0.19021284580230713
150,0.11907908320426941,0.027724439278244972,0.8174156546592712,0.8990956544876099,0.9002974629402161,0.8994824886322021,0.010813659057021141,0.10826539993286133,0.23014962673187256,0.07916396856307983,0.674564003944397,0.8439779281616211,0.7670443058013916,0.803205132484436,0.02767404541373253,0.20247557759284973
151,0.12528322637081146,0.030892053619027138,0.807796835899353,0.898627519607544,0.8894231915473938,0.8935874104499817,0.011915037408471107,0.1133681982755661,0.2245456576347351,0.07567485421895981,0.6849431395530701,0.826084554195404,0.7954297065734863,0.8101624250411987,0.029460418969392776,0.19508522748947144
152,0.11837352067232132,0.02736617997288704,0.8176564574241638,0.9001218676567078,0.8998914361000061,0.8996365070343018,0.010676797479391098,0.10769672691822052,0.24291622638702393,0.08269102871417999,0.6788543462753296,0.7546362280845642,0.8673650622367859,0.8067002296447754,0.043918777257204056,0.19899743795394897
153,0.1254306137561798,0.030636992305517197,0.8077046871185303,0.8937205076217651,0.8941192030906677,0.8935164213180542,0.01205400936305523,0.11337658762931824,0.22877633571624756,0.07728488743305206,0.6889155507087708,0.7870738506317139,0.8421040773391724,0.8135167956352234,0.036868300288915634,0.19190804660320282
154,0.12765805423259735,0.031286995857954025,0.8053473234176636,0.8903144598007202,0.8948552012443542,0.8920928835868835,0.012559566646814346,0.11509847640991211,0.227352574467659,0.07608021050691605,0.6828165650367737,0.8126958012580872,0.807559609413147,0.8094470500946045,0.031769171357154846,0.19558340311050415
155,0.12121354788541794,0.02882569469511509,0.8134244680404663,0.9003868103027344,0.8943365812301636,0.8969921469688416,0.011104965582489967,0.11010859161615372,0.22368887066841125,0.0744270607829094,0.6847594976425171,0.8335398435592651,0.7906181812286377,0.8106104135513306,0.02843986079096794,0.19524900615215302
156,0.11952902376651764,0.02843809872865677,0.8161284327507019,0.9015665054321289,0.8968868255615234,0.8986949324607849,0.01088856440037489,0.10864046216011047,0.22723223268985748,0.07756507396697998,0.6870664358139038,0.7982868552207947,0.829021692276001,0.8127330541610718,0.03490299731492996,0.19232922792434692
157,0.11750148236751556,0.027936220169067383,0.8198351263999939,0.8984533548355103,0.9038869142532349,0.9009507894515991,0.011138124391436577,0.10636336356401443,0.22131159901618958,0.07681463658809662,0.6962487697601318,0.8052395582199097,0.8332360982894897,0.8186502456665039,0.03417021781206131,0.18714137375354767
158,0.125364288687706,0.030711395666003227,0.8077363967895508,0.8970745205879211,0.8906635046005249,0.8935480713844299,0.01184807438403368,0.11351621896028519,0.23285692930221558,0.08456917852163315,0.6815704107284546,0.8050487041473389,0.8121458888053894,0.8083992004394531,0.03563682734966278,0.197220116853714
159,0.12109102308750153,0.02918637916445732,0.8143634796142578,0.9008546471595764,0.8951488137245178,0.897564172744751,0.01128372922539711,0.10980730503797531,0.22708743810653687,0.08119595050811768,0.686908483505249,0.811063289642334,0.8136115670204163,0.8120772838592529,0.03420157730579376,0.1928858608007431
160,0.11518442630767822,0.027469856664538383,0.8230941295623779,0.9041446447372437,0.9020869731903076,0.9028464555740356,0.010499438270926476,0.1046849936246872,0.22085759043693542,0.07518911361694336,0.6936334371566772,0.8119118809700012,0.8216739296913147,0.8162801265716553,0.03177187964320183,0.1890857070684433
161,0.11673988401889801,0.027562541887164116,0.8206109404563904,0.9003363251686096,0.9027886986732483,0.9013475179672241,0.010780110023915768,0.10595978051424026,0.22786812484264374,0.07962264120578766,0.6905390024185181,0.792477548122406,0.8382692337036133,0.8144580721855164,0.036496348679065704,0.19137178361415863
162,0.11926832795143127,0.028571106493473053,0.8169100284576416,0.9011873602867126,0.8973973989486694,0.8990919589996338,0.010941052809357643,0.10832726210355759,0.22036319971084595,0.07604078948497772,0.6934236288070679,0.8133525252342224,0.8211063146591187,0.8166095018386841,0.03173849731683731,0.18862470984458923
163,0.11324296146631241,0.026517540216445923,0.8255782723426819,0.9061753749847412,0.9029623866081238,0.90437251329422,0.010121246799826622,0.10312170535326004,0.22343184053897858,0.0796423852443695,0.6890138387680054,0.8220281004905701,0.8059658408164978,0.813660204410553,0.03180063143372536,0.1916312277317047
164,0.11771121621131897,0.02800653502345085,0.8185394406318665,0.9032105207443237,0.8974977731704712,0.9001379609107971,0.010804123245179653,0.10690711438655853,0.22929975390434265,0.08374620229005814,0.6869967579841614,0.8012796640396118,0.8242557048797607,0.8123807311058044,0.03700203821063042,0.19229772686958313
165,0.11642709374427795,0.027942290529608727,0.8201566934585571,0.9024225473403931,0.9002445340156555,0.9011045694351196,0.010717581026256084,0.105709508061409,0.22161820530891418,0.07653555274009705,0.6956088542938232,0.8028320074081421,0.8347084522247314,0.8181332945823669,0.0342600978910923,0.18735811114311218
166,0.11469385772943497,0.026979291811585426,0.8236660361289978,0.9035714864730835,0.9031856656074524,0.9032050967216492,0.010517017915844917,0.10417685657739639,0.23267513513565063,0.08266422152519226,0.6834678053855896,0.7893753051757812,0.832716703414917,0.8100700378417969,0.03793293982744217,0.19474218785762787
167,0.11799880117177963,0.02861441858112812,0.8188667893409729,0.9014183282852173,0.8996754288673401,0.9003103971481323,0.011112820357084274,0.10688597708940506,0.2220710664987564,0.07862941175699234,0.6891856789588928,0.8335739374160767,0.7950237989425659,0.8134503364562988,0.030290143564343452,0.1917809247970581
168,0.11581233143806458,0.0280967578291893,0.8212512731552124,0.906334638595581,0.8976570963859558,0.9016862511634827,0.01061771810054779,0.10519461333751678,0.2200912982225418,0.0789080262184143,0.6925935745239258,0.8302299380302429,0.8030675053596497,0.8162090182304382,0.03142066299915314,0.18867063522338867
169,0.11525814235210419,0.027307698503136635,0.8226210474967957,0.9034944772720337,0.9021501541137695,0.9025894999504089,0.010549194179475307,0.1047089546918869,0.22152557969093323,0.07575564831495285,0.6956323385238647,0.7945828437805176,0.8448163270950317,0.8186196684837341,0.03570909425616264,0.18581648170948029
170,0.11144881695508957,0.02598154917359352,0.8275883197784424,0.9061410427093506,0.905491292476654,0.9056297540664673,0.010087265633046627,0.10136155784130096,0.22147667407989502,0.07692709565162659,0.6933214664459229,0.8230606317520142,0.8104444146156311,0.8163663148880005,0.03193214535713196,0.18954452872276306
171,0.1126946359872818,0.026873789727687836,0.8256238698959351,0.9062933325767517,0.9029199481010437,0.9044406414031982,0.010357492603361607,0.10233713686466217,0.22786477208137512,0.07867885380983353,0.6920763254165649,0.7864698767662048,0.8483678102493286,0.8160873651504517,0.038247063755989075,0.18961770832538605
172,0.11512378603219986,0.027521582320332527,0.8223263025283813,0.9006233215332031,0.9044943451881409,0.9024211168289185,0.010891208425164223,0.10423257201910019,0.22520387172698975,0.07989195734262466,0.6897829174995422,0.8153917789459229,0.8135316371917725,0.8141137957572937,0.033770617097616196,0.19143325090408325
173,0.10825881361961365,0.025902574881911278,0.8324838280677795,0.9131363034248352,0.9043099284172058,0.9085099101066589,0.009677310474216938,0.09858150780200958,0.22708919644355774,0.08320663869380951,0.6847454905509949,0.826798141002655,0.7956719994544983,0.8105472326278687,0.032757095992565155,0.194332093000412
174,0.11025584489107132,0.02553853578865528,0.8292124271392822,0.9082767963409424,0.9054452180862427,0.9065924286842346,0.00980013981461525,0.10045573115348816,0.2243984341621399,0.08118151128292084,0.693872332572937,0.8035035729408264,0.8315225839614868,0.8171088695526123,0.036761391907930374,0.187637060880661
175,0.11207086592912674,0.026500098407268524,0.8271414041519165,0.9039806723594666,0.9070584774017334,0.9053271412849426,0.010657561011612415,0.1014132872223854,0.2299605906009674,0.08195582032203674,0.6854392290115356,0.8005877137184143,0.8232313394546509,0.8116472363471985,0.03653951734304428,0.19342108070850372
176,0.10946355015039444,0.025535624474287033,0.830725908279419,0.9079210162162781,0.90709388256073,0.9074268341064453,0.009953142143785954,0.09951041638851166,0.2256740927696228,0.08086007088422775,0.6872250437736511,0.8184521794319153,0.8069806694984436,0.8124594688415527,0.03313308581709862,0.1925410032272339
177,0.11017021536827087,0.026326870545744896,0.8293542861938477,0.9092741012573242,0.9041643738746643,0.9066396951675415,0.010059588588774204,0.10011062771081924,0.22224508225917816,0.07953157275915146,0.6938776969909668,0.8097765445709229,0.8250157237052917,0.8171187043190002,0.034454502165317535,0.18779058754444122
178,0.10858318209648132,0.025591185316443443,0.832207441329956,0.9077422618865967,0.9091638922691345,0.9083186388015747,0.010015984065830708,0.09856720268726349,0.2231365442276001,0.07964415848255157,0.6937083601951599,0.809159517288208,0.8250761032104492,0.8166700601577759,0.034640830010175705,0.1884957253932953
179,0.10649524629116058,0.024792881682515144,0.8347069621086121,0.9098366498947144,0.9100803136825562,0.9098718166351318,0.009619742631912231,0.09687551110982895,0.22373303771018982,0.08388923108577728,0.6946241855621338,0.8081867098808289,0.827125608921051,0.817348837852478,0.03677970916032791,0.1869533210992813
180,0.11164385825395584,0.027002675458788872,0.8273086547851562,0.9081438779830933,0.9028699994087219,0.9054080843925476,0.010337252169847488,0.10130660980939865,0.22418057918548584,0.08208946883678436,0.6893243193626404,0.8236372470855713,0.804682731628418,0.8137873411178589,0.03301401436328888,0.19116657972335815
181,0.10760828852653503,0.025638829916715622,0.83306884765625,0.9085744023323059,0.9093523621559143,0.9088775515556335,0.0099403727799654,0.09766791015863419,0.2205982804298401,0.08178550750017166,0.6957291960716248,0.8244154453277588,0.8126246333122253,0.8176381587982178,0.03352746367454529,0.1870708167552948
182,0.10721764713525772,0.025890376418828964,0.8331620693206787,0.9159597158432007,0.9026603102684021,0.9089003801345825,0.009696557186543941,0.09752108156681061,0.2202283889055252,0.07966817915439606,0.6967806816101074,0.8172810077667236,0.8204547762870789,0.8186847567558289,0.033856555819511414,0.1863718330860138
183,0.11013200879096985,0.026178179308772087,0.8299843072891235,0.9040626287460327,0.9103066325187683,0.9070298075675964,0.010558651760220528,0.09957334399223328,0.22384914755821228,0.08050211519002914,0.6962741613388062,0.7973989248275757,0.8404290080070496,0.8182556629180908,0.03728778660297394,0.18656136095523834
184,0.10933054238557816,0.02615250274538994,0.830633819103241,0.9086657762527466,0.9063827991485596,0.9074077010154724,0.010208324529230595,0.09912221878767014,0.22224316000938416,0.08165410161018372,0.6943537592887878,0.8136938810348511,0.8218578696250916,0.8175150752067566,0.034849248826503754,0.1873939037322998
185,0.11124571412801743,0.02709934301674366,0.8278176784515381,0.9077478051185608,0.9040632247924805,0.9057446122169495,0.010502422228455544,0.10074328631162643,0.2245415896177292,0.08301800489425659,0.6942394971847534,0.8032450675964355,0.8317483067512512,0.8171253204345703,0.037344273179769516,0.18719732761383057
186,0.10875929892063141,0.026039456948637962,0.8312497735023499,0.9102972149848938,0.905798077583313,0.9078059792518616,0.010030855424702168,0.09872844815254211,0.22618964314460754,0.08470520377159119,0.687901496887207,0.8206225633621216,0.8047400712966919,0.8124479651451111,0.03428411856293678,0.19190552830696106
187,0.10656309872865677,0.025193845853209496,0.8346202373504639,0.9120429754257202,0.9079306721687317,0.9097872376441956,0.00972166657447815,0.09684144705533981,0.2267204225063324,0.08358679711818695,0.691923201084137,0.8009839653968811,0.8309643268585205,0.8155688047409058,0.03779533505439758,0.18892508745193481
188,0.10706684738397598,0.025266749784350395,0.8334032893180847,0.9105211496353149,0.9079951047897339,0.9090661406517029,0.009786950424313545,0.09727989137172699,0.2298140823841095,0.08276020735502243,0.6883548498153687,0.7864484786987305,0.842117965221405,0.8131775856018066,0.03891533613204956,0.19089874625205994
189,0.10941027104854584,0.025942683219909668,0.8304504752159119,0.9066601395606995,0.9087227582931519,0.9072954058647156,0.01008398924022913,0.09932627528905869,0.23053273558616638,0.08413602411746979,0.6867070198059082,0.7946693301200867,0.8296518325805664,0.8116694688796997,0.03790188580751419,0.19263087213039398
190,0.11012459546327591,0.026803532615303993,0.8295843005180359,0.9108831882476807,0.9032437205314636,0.906801164150238,0.010134479030966759,0.0999901294708252,0.22059297561645508,0.08063879609107971,0.6936598420143127,0.8245529532432556,0.8082601428031921,0.8158327341079712,0.031860947608947754,0.18873202800750732
191,0.11040835082530975,0.026456207036972046,0.8287770748138428,0.9075930714607239,0.9055536389350891,0.906286358833313,0.01032582949846983,0.10008252412080765,0.23153463006019592,0.08584719151258469,0.6781717538833618,0.8329552412033081,0.7799952030181885,0.8049322962760925,0.031354665756225586,0.20017997920513153
192,0.10471927374601364,0.02466619201004505,0.8373202681541443,0.9124801158905029,0.9105753302574158,0.9114049077033997,0.00956028513610363,0.09515897929668427,0.2236662209033966,0.08282475173473358,0.6955755949020386,0.8011486530303955,0.8358007669448853,0.818047046661377,0.0369969867169857,0.1866692304611206
193,0.10613355040550232,0.02512185648083687,0.8351296782493591,0.912632167339325,0.9076423645019531,0.9100815653800964,0.009571217931807041,0.09656233340501785,0.2276403158903122,0.08366499841213226,0.6908557415008545,0.7968130707740784,0.8333001136779785,0.8145154714584351,0.03735326603055,0.1902870535850525
194,0.10429921001195908,0.02431085892021656,0.8379266858100891,0.9102050065994263,0.913597047328949,0.9117394685745239,0.009714827872812748,0.0945843830704689,0.22537937760353088,0.08220698684453964,0.6920759081840515,0.8073909878730774,0.8246638774871826,0.8156180381774902,0.03608604893088341,0.18929333984851837
195,0.10825008898973465,0.025609077885746956,0.8318013548851013,0.9093601107597351,0.9072763919830322,0.9081030488014221,0.009990272112190723,0.0982598140835762,0.2244395613670349,0.0843120664358139,0.694599986076355,0.8010814189910889,0.8348928689956665,0.8175677061080933,0.03845707327127457,0.18598248064517975
196,0.10458996891975403,0.024517295882105827,0.8374646902084351,0.9130696058273315,0.9102160930633545,0.9114664196968079,0.009481865912675858,0.09510812908411026,0.22709715366363525,0.08694596588611603,0.6930578947067261,0.8000587821006775,0.8342242240905762,0.8167175054550171,0.04013911634683609,0.18695802986621857
197,0.10682608187198639,0.02529045380651951,0.8336931467056274,0.9115135073661804,0.907061755657196,0.9092040657997131,0.009794059209525585,0.09703200310468674,0.22395272552967072,0.08647000044584274,0.6942539215087891,0.8189460039138794,0.816206693649292,0.8170676231384277,0.03682676702737808,0.18712595105171204
198,0.10468894988298416,0.02514573372900486,0.8376290798187256,0.9114999175071716,0.9118469953536987,0.9115641713142395,0.009809086099267006,0.09487985074520111,0.22331279516220093,0.083097904920578,0.6947318315505981,0.8176998496055603,0.8178411722183228,0.8174266219139099,0.03524114936590195,0.18807163834571838
199,0.10562142729759216,0.02513509802520275,0.8359291553497314,0.913012683391571,0.9086057543754578,0.9105799794197083,0.009672421030700207,0.09594901651144028,0.22641094028949738,0.08469848334789276,0.6892939805984497,0.8135483860969543,0.8138676285743713,0.8135015368461609,0.035910725593566895,0.19050021469593048
